"Outcome","Studies","SMD","SMD_Lower","SMD_Upper","SMD_Pval","I2","Tau2","PI_Lower","PI_Upper"
"GLS",29,1.08613025950132,0.822569766649949,1.3496907523527,6.6383489085353e-16,88.5082839098701,0.459940143807521,-0.33012204301444,2.50238256201708
"GCS",6,1.02444339456323,0.667254812450218,1.38163197667624,1.89501308599409e-08,69.6759330414572,0.134093882241668,-0.0270037092750444,2.07589049840151
"GRS",2,-1.89387514482277,-2.31689329643693,-1.47085699320862,1.71109361489971e-18,0,0,-4.63624963941786,0.848499349772315
"PSD",11,1.57070382992874,0.948608955565761,2.19279870429172,7.47342225910187e-07,91.9188136821186,1.02174062910477,-0.789950278736336,3.93135793859382
"LAVI",10,0.381325956413494,0.116054444151018,0.646597468675969,0.00484089701851989,73.425132442513,0.133491765491284,-0.500074052446953,1.26272596527394
"LVMI",13,0.764722655224045,0.433078710058188,1.0963666003899,6.20175888811997e-06,88.3892438397911,0.311967473017796,-0.506851678643675,2.03629698909177
"Torsion",5,-1.47010617074281,-2.9273826193722,-0.0128297221134324,0.0480168447402807,96.6475813801768,2.63533737133788,-6.42756721414269,3.48735487265706
"LVEDV",22,0.095175410880526,-0.193768871583363,0.384119693344415,0.518543036017129,84.2227425043432,0.412550233846642,-1.27529461250674,1.4656454342678
